4, 0, 0, 1000, 57.1671, 61.12, 3.77738, 0.208742, 0.791258, 0.121795, 0.0700268
4, 0, 0, 2000, 54.4224, 64.554, 3.72002, 0.198763, 0.801237, 0.0207373, 0.0599954
4, 0, 0, 3000, 36.5448, 67.5034, 3.688, 0.218224, 0.781776, 0.0206117, 0.0638421
4, 0, 0, 4000, 32.6727, 66.0283, 3.69341, 0.239404, 0.760596, 0.0193638, 0.0742826
4, 0, 0, 5000, 31.2784, 70.5126, 3.7111, 0.242377, 0.757623, 0.0301075, 0.0648076
4, 0, 1, 1000, 44.2683, 73.7182, 3.66031, 0.215207, 0.784793, 0.088843, 0.0586928
4, 0, 1, 2000, 36.2981, 74.3258, 3.67238, 0.215709, 0.784291, 0.0127389, 0.0632013
4, 0, 1, 3000, 26.7143, 65.7844, 3.6609, 0.233455, 0.766545, 0.0162703, 0.0771366
4, 0, 1, 4000, 25.6974, 73.6874, 3.65972, 0.242539, 0.757461, 0.0150961, 0.0752247
4, 0, 1, 5000, 27.1331, 75.5718, 3.67811, 0.241536, 0.758464, 0.0223988, 0.0693717
4, 0, 2, 1000, 18.8991, 54.4349, 3.60672, 0.238741, 0.761259, 0.0831643, 0.0784504
4, 0, 2, 2000, 16.7911, 58.6453, 3.674, 0.236258, 0.763742, 0.0285714, 0.0848602
4, 0, 2, 3000, 22.4861, 65.5172, 3.69004, 0.251846, 0.748154, 0.00794136, 0.0923077
4, 0, 2, 4000, 21.5308, 70.0834, 3.68228, 0.248685, 0.751315, 0.0110345, 0.0799223
4, 0, 2, 5000, 23.762, 69.4093, 3.69636, 0.250223, 0.749777, 0.0128159, 0.0797256
4, 0, 3, 1000, 18.2773, 49.7918, 3.60208, 0.271075, 0.728925, 0.0856611, 0.093892
4, 0, 3, 2000, 19.7705, 56.1678, 3.65772, 0.244795, 0.755205, 0.0449658, 0.0935631
4, 0, 3, 3000, 19.1674, 61.2093, 3.67301, 0.241291, 0.758709, 0.00564972, 0.0914874
4, 0, 3, 4000, 18.1125, 61.0374, 3.66784, 0.238117, 0.761883, 0.00993377, 0.0790719
4, 0, 3, 5000, 19.4813, 64.4688, 3.68505, 0.236956, 0.763044, 0.0163387, 0.074791
4, 0, 4, 1000, 21.2937, 39.3013, 3.63309, 0.266791, 0.733209, 0.0734266, 0.118937
4, 0, 4, 2000, 21.2059, 56.6685, 3.65961, 0.254335, 0.745665, 0.0393357, 0.103157
4, 0, 4, 3000, 19.7866, 60.0663, 3.67528, 0.256768, 0.743232, 0.0106562, 0.103687
4, 0, 4, 4000, 20.0873, 62.1188, 3.6823, 0.250912, 0.749088, 0.00748569, 0.0954591
4, 0, 4, 5000, 21.7972, 62.8429, 3.69156, 0.248627, 0.751373, 0.0136746, 0.0917095
4, 0, 5, 1000, 20.3056, 50.5449, 3.66876, 0.293489, 0.706511, 0.0623917, 0.128179
4, 0, 5, 2000, 20.3531, 58.3499, 3.6624, 0.253987, 0.746013, 0.0507849, 0.09803
4, 0, 5, 3000, 19.2473, 74.9233, 3.67981, 0.260509, 0.739491, 0.0161943, 0.0949224
4, 0, 5, 4000, 18.8676, 71.4274, 3.67443, 0.252939, 0.747061, 0.0099278, 0.0927976
4, 0, 5, 5000, 19.0019, 68.8311, 3.67753, 0.252513, 0.747487, 0.0138642, 0.0869838
4, 0, 6, 1000, 12.1214, 39.8204, 3.74754, 0.28326, 0.71674, 0.0519931, 0.11782
4, 0, 6, 2000, 14.4028, 56.2856, 3.68245, 0.257423, 0.742577, 0.0488021, 0.0941069
4, 0, 6, 3000, 12.9768, 62.4538, 3.68035, 0.256586, 0.743414, 0.0181509, 0.0938728
4, 0, 6, 4000, 13.3231, 64.1179, 3.68936, 0.252551, 0.747449, 0.0159858, 0.091062
4, 0, 6, 5000, 14.0695, 62.9836, 3.69437, 0.246591, 0.753409, 0.0111311, 0.0872145
4, 0, 7, 1000, 18.7481, 53.3092, 3.73514, 0.274952, 0.725048, 0.034904, 0.12524
4, 0, 7, 2000, 21.81, 63.6151, 3.68975, 0.266962, 0.733038, 0.0462882, 0.101655
4, 0, 7, 3000, 20.3593, 63.081, 3.69269, 0.27067, 0.72933, 0.0218579, 0.100429
4, 0, 7, 4000, 20.5719, 63.2555, 3.69309, 0.271422, 0.728578, 0.0105798, 0.101769
4, 0, 7, 5000, 21.6137, 61.5387, 3.69504, 0.261965, 0.738035, 0.00861772, 0.100054
4, 0, 8, 1000, 8.47974, 49.8604, 3.70629, 0.275982, 0.724018, 0.045045, 0.111387
4, 0, 8, 2000, 19.2823, 56.5151, 3.67484, 0.274769, 0.725231, 0.055938, 0.105462
4, 0, 8, 3000, 20.4686, 61.6776, 3.6618, 0.26371, 0.73629, 0.0190092, 0.0979796
4, 0, 8, 4000, 19.5928, 70.171, 3.67007, 0.265387, 0.734613, 0.00789128, 0.0947062
4, 0, 8, 5000, 20.2881, 67.6418, 3.67724, 0.257249, 0.742751, 0.00739697, 0.0938746
4, 0, 9, 1000, 8.52528, 50.499, 3.66996, 0.276172, 0.723828, 0.0377358, 0.10469
4, 0, 9, 2000, 15.4321, 55.3604, 3.69997, 0.279642, 0.720358, 0.05341, 0.0988051
4, 0, 9, 3000, 22.8269, 53.7776, 3.69459, 0.261318, 0.738682, 0.0148656, 0.0948752
4, 0, 9, 4000, 24.4979, 55.5729, 3.68388, 0.264567, 0.735433, 0.0100305, 0.0941502
4, 0, 9, 5000, 22.7223, 57.719, 3.68513, 0.258316, 0.741684, 0.00526316, 0.0937188
4, 1, 0, 1000, 53.5374, 20.9527, 3.77738, 0.709287, 0.290713, 0.364326, 0.127187
4, 1, 0, 2000, 54.3199, 18.4236, 3.72002, 0.619342, 0.380658, 0.200664, 0.127572
4, 1, 0, 3000, 54.5818, 26.7592, 3.688, 0.592402, 0.407598, 0.148987, 0.144245
4, 1, 0, 4000, 55.0694, 26.0526, 3.69341, 0.584018, 0.415982, 0.129398, 0.149087
4, 1, 0, 5000, 53.2598, 23.8746, 3.7111, 0.569979, 0.430021, 0.108091, 0.150819
4, 1, 1, 1000, 45.825, 27.6324, 3.66031, 0.691992, 0.308008, 0.367953, 0.114305
4, 1, 1, 2000, 39.7899, 28.9197, 3.67238, 0.643939, 0.356061, 0.221765, 0.126515
4, 1, 1, 3000, 41.3733, 34.5429, 3.6609, 0.593841, 0.406159, 0.17955, 0.14265
4, 1, 1, 4000, 45.9016, 35.8102, 3.65972, 0.577435, 0.422565, 0.157362, 0.149031
4, 1, 1, 5000, 46.2822, 34.9734, 3.67811, 0.587912, 0.412088, 0.114486, 0.148008
4, 1, 2, 1000, 54.6648, 31.4982, 3.60672, 0.681677, 0.318323, 0.425968, 0.0978261
4, 1, 2, 2000, 52.9988, 31.8266, 3.674, 0.628911, 0.371089, 0.24937, 0.123564
4, 1, 2, 3000, 52.9169, 39.6487, 3.69004, 0.590814, 0.409186, 0.193089, 0.124287
4, 1, 2, 4000, 49.9949, 34.7927, 3.68228, 0.557259, 0.442741, 0.159787, 0.133317
4, 1, 2, 5000, 48.4699, 31.6356, 3.69636, 0.551324, 0.448676, 0.135406, 0.145115
4, 1, 3, 1000, 42.5863, 16.352, 3.60208, 0.683642, 0.316358, 0.425508, 0.124228
4, 1, 3, 2000, 49.8016, 19.0387, 3.65772, 0.630025, 0.369975, 0.25651, 0.131255
4, 1, 3, 3000, 52.0444, 23.1235, 3.67301, 0.604699, 0.395301, 0.186013, 0.132452
4, 1, 3, 4000, 53.8444, 22.2884, 3.66784, 0.584101, 0.415899, 0.15503, 0.135714
4, 1, 3, 5000, 52.1557, 22.2001, 3.68505, 0.5571, 0.4429, 0.129451, 0.141268
4, 1, 4, 1000, 50.9857, 8.18675, 3.63309, 0.654908, 0.345092, 0.444965, 0.121166
4, 1, 4, 2000, 50.9013, 20.9724, 3.65961, 0.600086, 0.399914, 0.282252, 0.139863
4, 1, 4, 3000, 54.914, 25.0019, 3.67528, 0.576077, 0.423923, 0.205487, 0.132941
4, 1, 4, 4000, 56.4482, 28.6196, 3.6823, 0.55922, 0.44078, 0.157555, 0.136736
4, 1, 4, 5000, 57.2012, 26.7543, 3.69156, 0.532364, 0.467636, 0.148148, 0.142004
4, 1, 5, 1000, 48.173, 14.6337, 3.66876, 0.685008, 0.314992, 0.45518, 0.11882
4, 1, 5, 2000, 50.7968, 19.7274, 3.6624, 0.63764, 0.36236, 0.249843, 0.126806
4, 1, 5, 3000, 49.8144, 21.4341, 3.67981, 0.612988, 0.387012, 0.184798, 0.135702
4, 1, 5, 4000, 51.9212, 27.7344, 3.67443, 0.585945, 0.414055, 0.146677, 0.135714
4, 1, 5, 5000, 51.5332, 26.5038, 3.67753, 0.559817, 0.440183, 0.130879, 0.133944
4, 1, 6, 1000, 57.775, 12.5235, 3.74754, 0.693721, 0.306279, 0.441501, 0.120214
4, 1, 6, 2000, 67.8425, 20.257, 3.68245, 0.614065, 0.385935, 0.277235, 0.129503
4, 1, 6, 3000, 58.9634, 23.8061, 3.68035, 0.591004, 0.408996, 0.19254, 0.146857
4, 1, 6, 4000, 56.1119, 25.7546, 3.68936, 0.552353, 0.447647, 0.177966, 0.144863
4, 1, 6, 5000, 57.4112, 28.1559, 3.69437, 0.532927, 0.467073, 0.14644, 0.145665
4, 1, 7, 1000, 57.4502, 38.441, 3.73514, 0.705521, 0.294479, 0.433696, 0.0812883
4, 1, 7, 2000, 60.7284, 29.4175, 3.68975, 0.596417, 0.403583, 0.316206, 0.111268
4, 1, 7, 3000, 51.6371, 29.0757, 3.69269, 0.544396, 0.455604, 0.238852, 0.133023
4, 1, 7, 4000, 52.8182, 30.5464, 3.69309, 0.508718, 0.491282, 0.221117, 0.127672
4, 1, 7, 5000, 48.7807, 31.1771, 3.69504, 0.504607, 0.495393, 0.173913, 0.139974
4, 1, 8, 1000, 62.7272, 45.3411, 3.70629, 0.685259, 0.314741, 0.463953, 0.0900398
4, 1, 8, 2000, 59.2485, 32.0566, 3.67485, 0.602171, 0.397829, 0.31348, 0.0910807
4, 1, 8, 3000, 53.7163, 25.5841, 3.6618, 0.565357, 0.434643, 0.219818, 0.115905
4, 1, 8, 4000, 55.3809, 26.3485, 3.67007, 0.547638, 0.452362, 0.190658, 0.113286
4, 1, 8, 5000, 54.0692, 28.0056, 3.67724, 0.519133, 0.480867, 0.1638, 0.123937
4, 1, 9, 1000, 47.621, 16.5236, 3.66996, 0.689455, 0.310545, 0.419831, 0.0850909
4, 1, 9, 2000, 50.3555, 21.2816, 3.69997, 0.602594, 0.397406, 0.307456, 0.113015
4, 1, 9, 3000, 46.9361, 22.9035, 3.69459, 0.542988, 0.457012, 0.239013, 0.122589
4, 1, 9, 4000, 48.0663, 24.3758, 3.68388, 0.531383, 0.468617, 0.2002, 0.120213
4, 1, 9, 5000, 47.4245, 25.5105, 3.68513, 0.519066, 0.480934, 0.164259, 0.133248
4, 2, 0, 1000, 17.305, 42.1766, 3.77738, 0.503122, 0.496878, 0.0478723, 0.271632
4, 2, 0, 2000, 29.9125, 38.6113, 3.72002, 0.497596, 0.502404, 0.011965, 0.240669
4, 2, 0, 3000, 30.0693, 35.3206, 3.688, 0.502918, 0.497082, 0.013635, 0.240881
4, 2, 0, 4000, 29.1041, 30.7586, 3.69341, 0.516537, 0.483463, 0.0584443, 0.243285
4, 2, 0, 5000, 31.1236, 31.2694, 3.7111, 0.513717, 0.486283, 0.0258503, 0.245763
4, 2, 1, 1000, 17.065, 25.5251, 3.66031, 0.488662, 0.511338, 0.0418562, 0.285016
4, 2, 1, 2000, 21.5271, 29.4652, 3.67238, 0.484314, 0.515686, 0.0141844, 0.259217
4, 2, 1, 3000, 26.9871, 26.5237, 3.6609, 0.494564, 0.505436, 0.0160428, 0.254481
4, 2, 1, 4000, 27.2614, 25.2839, 3.65972, 0.502581, 0.497419, 0.0314873, 0.2578
4, 2, 1, 5000, 27.1908, 27.4621, 3.67811, 0.495578, 0.504422, 0.0107085, 0.260481
4, 2, 2, 1000, 25.194, 20.7756, 3.60672, 0.5046, 0.4954, 0.0422265, 0.266828
4, 2, 2, 2000, 22.1967, 25.9095, 3.674, 0.481159, 0.518841, 0.0110442, 0.252899
4, 2, 2, 3000, 27.2002, 27.5041, 3.69004, 0.484276, 0.515724, 0.0105566, 0.252827
4, 2, 2, 4000, 26.6735, 26.8567, 3.68228, 0.488528, 0.511472, 0.00778853, 0.256774
4, 2, 2, 5000, 26.5504, 29.8313, 3.69636, 0.482381, 0.517619, 0.00483271, 0.253564
4, 2, 3, 1000, 23.7683, 22.9744, 3.60208, 0.500757, 0.499243, 0.0443548, 0.268551
4, 2, 3, 2000, 22.6574, 24.1171, 3.65772, 0.484326, 0.515674, 0.0197628, 0.256281
4, 2, 3, 3000, 26.203, 23.3103, 3.67301, 0.479552, 0.520448, 0.0154769, 0.252196
4, 2, 3, 4000, 23.6967, 28.5078, 3.66784, 0.480403, 0.519597, 0.00471587, 0.260421
4, 2, 3, 5000, 23.8173, 30.4712, 3.68505, 0.472606, 0.527394, 0.00994185, 0.255674
4, 2, 4, 1000, 26.4047, 24.1589, 3.63309, 0.481343, 0.518657, 0.0348837, 0.277052
4, 2, 4, 2000, 25.8362, 29.0981, 3.65961, 0.485771, 0.514229, 0.0237986, 0.259004
4, 2, 4, 3000, 29.7326, 26.2429, 3.67528, 0.490315, 0.509685, 0.0103184, 0.261492
4, 2, 4, 4000, 29.0229, 28.6173, 3.6823, 0.487347, 0.512653, 0.00728763, 0.256826
4, 2, 4, 5000, 29.4633, 29.7329, 3.69156, 0.479113, 0.520887, 0.00516129, 0.254085
4, 2, 5, 1000, 25.4556, 28.1436, 3.66876, 0.518311, 0.481689, 0.135427, 0.245168
4, 2, 5, 2000, 31.1353, 32.115, 3.6624, 0.48757, 0.51243, 0.031265, 0.242495
4, 2, 5, 3000, 29.2871, 30.6092, 3.67981, 0.492308, 0.507692, 0.0125613, 0.248718
4, 2, 5, 4000, 25.6782, 34.9379, 3.67443, 0.48312, 0.51688, 0.00715478, 0.247148
4, 2, 5, 5000, 26.2381, 33.1061, 3.67753, 0.47988, 0.52012, 0.00604344, 0.248051
4, 2, 6, 1000, 32.5091, 23.7059, 3.74754, 0.534551, 0.465449, 0.159741, 0.237414
4, 2, 6, 2000, 30.7295, 35.4392, 3.68245, 0.48981, 0.51019, 0.0392707, 0.230364
4, 2, 6, 3000, 33.5074, 29.7421, 3.68035, 0.497371, 0.502629, 0.0129184, 0.23861
4, 2, 6, 4000, 30.0803, 32.3645, 3.68936, 0.490992, 0.509008, 0.0133856, 0.23966
4, 2, 6, 5000, 30.2179, 30.8236, 3.69437, 0.478218, 0.521782, 0.00718201, 0.241323
4, 2, 7, 1000, 28.7757, 13.0085, 3.73514, 0.544004, 0.455996, 0.191111, 0.240329
4, 2, 7, 2000, 23.328, 25.526, 3.68975, 0.501172, 0.498828, 0.0289855, 0.250469
4, 2, 7, 3000, 26.7494, 27.3032, 3.69269, 0.499252, 0.500748, 0.00988912, 0.245961
4, 2, 7, 4000, 27.5158, 27.9042, 3.69309, 0.496257, 0.503743, 0.0153193, 0.247135
4, 2, 7, 5000, 27.2078, 25.8032, 3.69504, 0.490724, 0.509276, 0.0052405, 0.254409
4, 2, 8, 1000, 30.2148, 14.8561, 3.70629, 0.552959, 0.447041, 0.129496, 0.219791
4, 2, 8, 2000, 29.729, 20.6715, 3.67485, 0.511232, 0.488768, 0.0323774, 0.23197
4, 2, 8, 3000, 29.5945, 24.49, 3.6618, 0.493544, 0.506456, 0.00892582, 0.233936
4, 2, 8, 4000, 28.0067, 31.7089, 3.67007, 0.48987, 0.51013, 0.0135488, 0.244993
4, 2, 8, 5000, 26.1722, 31.293, 3.67724, 0.481654, 0.518346, 0.00606405, 0.249817
4, 2, 9, 1000, 44.947, 13.9632, 3.66996, 0.547608, 0.452392, 0.123702, 0.238749
4, 2, 9, 2000, 38.3168, 18.3521, 3.69997, 0.524095, 0.475905, 0.0444347, 0.245792
4, 2, 9, 3000, 35.6066, 22.6167, 3.69459, 0.503444, 0.496556, 0.01279, 0.252171
4, 2, 9, 4000, 34.3664, 23.5193, 3.68388, 0.498151, 0.501849, 0.00580046, 0.258322
4, 2, 9, 5000, 31.9907, 23.9595, 3.68513, 0.49764, 0.50236, 0.00620098, 0.26493
4, 0, 10, 1000, 13.7359, 52.4404, 3.63472, 0.274694, 0.725306, 0.0479452, 0.103481
4, 0, 10, 2000, 17.0073, 56.7902, 3.69369, 0.269976, 0.730024, 0.0394046, 0.0959811
4, 0, 10, 3000, 21.0567, 59.9378, 3.69892, 0.254167, 0.745833, 0.0115361, 0.0865741
4, 0, 10, 4000, 21.685, 59.3262, 3.68892, 0.255654, 0.744346, 0.0106531, 0.0884547
4, 0, 10, 5000, 21.1116, 63.4284, 3.68621, 0.252513, 0.747487, 0.00669643, 0.0823861
4, 0, 11, 1000, 15.3511, 56.757, 3.59952, 0.284216, 0.715784, 0.0419463, 0.103481
4, 0, 11, 2000, 17.1544, 67.5104, 3.68582, 0.274748, 0.725252, 0.0340716, 0.0903347
4, 0, 11, 3000, 19.52, 74.0183, 3.67591, 0.255009, 0.744991, 0.0176614, 0.0813791
4, 0, 11, 4000, 20.9561, 69.9758, 3.69252, 0.253076, 0.746924, 0.00935016, 0.0835305
4, 0, 11, 5000, 19.6411, 73.5766, 3.68967, 0.248268, 0.751732, 0.00573394, 0.0777261
4, 0, 12, 1000, 24.1409, 45.0189, 3.63952, 0.284164, 0.715836, 0.0434028, 0.098668
4, 0, 12, 2000, 20.5951, 62.3216, 3.70657, 0.254532, 0.745468, 0.0312195, 0.0787186
4, 0, 12, 3000, 23.3106, 70.0373, 3.69743, 0.252801, 0.747199, 0.0166988, 0.0771229
4, 0, 12, 4000, 22.0172, 65.1826, 3.70353, 0.245524, 0.754476, 0.0119048, 0.0787967
4, 0, 12, 5000, 23.4008, 66.8008, 3.70321, 0.245318, 0.754682, 0.00318091, 0.0818377
4, 0, 13, 1000, 19.337, 45.4291, 3.60116, 0.287615, 0.712385, 0.024911, 0.122825
4, 0, 13, 2000, 15.7946, 55.7561, 3.67617, 0.255622, 0.744378, 0.0303337, 0.0883949
4, 0, 13, 3000, 16.7606, 60.6313, 3.6833, 0.251543, 0.748457, 0.0232095, 0.082402
4, 0, 13, 4000, 23.5188, 60.5818, 3.69046, 0.246937, 0.753063, 0.00920716, 0.0865227
4, 0, 13, 5000, 23.4306, 68.8404, 3.69641, 0.247214, 0.752786, 0.0110656, 0.0838906
4, 0, 14, 1000, 20.8476, 60.0556, 3.62899, 0.282316, 0.717684, 0.014652, 0.116339
4, 0, 14, 2000, 21.1924, 63.4438, 3.63409, 0.251479, 0.748521, 0.022549, 0.0919625
4, 0, 14, 3000, 21.7375, 63.7527, 3.64291, 0.256066, 0.743934, 0.0230474, 0.0967213
4, 0, 14, 4000, 22.5343, 64.6558, 3.65656, 0.25806, 0.74194, 0.0116223, 0.101225
4, 0, 14, 5000, 21.8638, 62.1787, 3.66021, 0.261716, 0.738284, 0.014954, 0.101355
4, 0, 15, 1000, 17.3862, 64.9856, 3.61384, 0.252782, 0.747218, 0.0545073, 0.0985692
4, 0, 15, 2000, 21.3148, 68.2701, 3.68095, 0.241947, 0.758053, 0.0335366, 0.0860585
4, 0, 15, 3000, 27.5036, 64.8064, 3.71483, 0.238111, 0.761889, 0.0237772, 0.0901003
4, 0, 15, 4000, 26.3687, 67.3358, 3.70074, 0.240439, 0.759561, 0.0145078, 0.0899464
4, 0, 15, 5000, 23.2538, 63.2889, 3.70732, 0.248164, 0.751836, 0.0188, 0.0907286
4, 0, 16, 1000, 15.4057, 76.9366, 3.65612, 0.245867, 0.754133, 0.0607375, 0.0725333
4, 0, 16, 2000, 22.891, 67.6545, 3.69437, 0.26087, 0.73913, 0.0342593, 0.0963768
4, 0, 16, 3000, 23.5524, 63.5016, 3.7309, 0.247274, 0.752726, 0.0178914, 0.0952757
4, 0, 16, 4000, 22.6252, 73.1233, 3.7138, 0.249909, 0.750091, 0.0185185, 0.0874437
4, 0, 16, 5000, 20.6618, 72.4535, 3.71048, 0.249488, 0.750512, 0.0207355, 0.085798
4, 0, 17, 1000, 18.8213, 86.6445, 3.69387, 0.225806, 0.774194, 0.0702948, 0.0419867
4, 0, 17, 2000, 24.5901, 73.988, 3.70468, 0.252734, 0.747266, 0.0414365, 0.0698162
4, 0, 17, 3000, 22.7728, 72.8922, 3.73365, 0.246741, 0.753259, 0.0113208, 0.077126
4, 0, 17, 4000, 24.4192, 74.5572, 3.71705, 0.24734, 0.75266, 0.0162524, 0.0738945
4, 0, 17, 5000, 23.8059, 79.568, 3.70865, 0.247035, 0.752965, 0.0139887, 0.076492
4, 0, 18, 1000, 13.15, 66.4033, 3.6407, 0.243753, 0.756247, 0.0773694, 0.0627063
4, 0, 18, 2000, 16.2528, 58.9455, 3.65639, 0.268626, 0.731374, 0.0344531, 0.0853771
4, 0, 18, 3000, 21.1861, 61.1695, 3.70399, 0.261457, 0.738543, 0.0139292, 0.0871017
4, 0, 18, 4000, 20.3808, 66.1685, 3.70863, 0.255642, 0.744358, 0.0131281, 0.078116
4, 0, 18, 5000, 20.7935, 74.4105, 3.71982, 0.248585, 0.751415, 0.00477415, 0.0802447
4, 0, 19, 1000, 9.19894, 63.0066, 3.67103, 0.255, 0.745, 0.057041, 0.0781818
4, 0, 19, 2000, 12.5597, 56.0822, 3.68881, 0.269257, 0.730743, 0.0315091, 0.0939942
4, 0, 19, 3000, 12.7135, 59.8851, 3.71385, 0.268267, 0.731733, 0.00950783, 0.0928732
4, 0, 19, 4000, 13.5441, 60.4724, 3.70065, 0.265627, 0.734373, 0.0184312, 0.0923375
4, 0, 19, 5000, 15.1623, 59.9547, 3.70668, 0.25933, 0.74067, 0.00349284, 0.0921196
4, 1, 10, 1000, 65.8969, 25.5811, 3.63472, 0.691754, 0.308246, 0.307474, 0.100785
4, 1, 10, 2000, 56.1478, 27.2468, 3.69369, 0.625268, 0.374732, 0.258219, 0.113062
4, 1, 10, 3000, 48.5062, 23.2057, 3.69892, 0.567435, 0.432565, 0.216567, 0.124731
4, 1, 10, 4000, 50.7593, 26.2732, 3.68892, 0.543489, 0.456511, 0.189394, 0.11966
4, 1, 10, 5000, 48.0982, 27.7157, 3.68621, 0.508418, 0.491582, 0.173068, 0.119641
4, 1, 11, 1000, 55.4536, 15.7554, 3.59952, 0.706445, 0.293555, 0.344173, 0.120613
4, 1, 11, 2000, 52.7538, 27.1145, 3.68582, 0.648404, 0.351596, 0.217629, 0.132046
4, 1, 11, 3000, 53.1412, 27.379, 3.67591, 0.599767, 0.400233, 0.194553, 0.12748
4, 1, 11, 4000, 55.1666, 31.5291, 3.69252, 0.579889, 0.420111, 0.166736, 0.123519
4, 1, 11, 5000, 54.4171, 34.0914, 3.68967, 0.554182, 0.445818, 0.150151, 0.120939
4, 1, 12, 1000, 59.0367, 15.8754, 3.63952, 0.703103, 0.296897, 0.391174, 0.107193
4, 1, 12, 2000, 54.4187, 24.4143, 3.70657, 0.68175, 0.31825, 0.191443, 0.140613
4, 1, 12, 3000, 55.0344, 26.3603, 3.69743, 0.625823, 0.374177, 0.182525, 0.135414
4, 1, 12, 4000, 55.9993, 27.4616, 3.70353, 0.576196, 0.423804, 0.170358, 0.136933
4, 1, 12, 5000, 52.3347, 26.7086, 3.70321, 0.555858, 0.444142, 0.149698, 0.142528
4, 1, 13, 1000, 61.4308, 36.9788, 3.60116, 0.730609, 0.269391, 0.370616, 0.0893352
4, 1, 13, 2000, 54.559, 39.501, 3.67617, 0.672098, 0.327902, 0.213939, 0.125051
4, 1, 13, 3000, 51.212, 31.0564, 3.6833, 0.624666, 0.375334, 0.18842, 0.127483
4, 1, 13, 4000, 52.0812, 30.645, 3.69046, 0.6, 0.4, 0.155084, 0.132391
4, 1, 13, 5000, 49.5844, 28.0175, 3.69641, 0.580384, 0.419616, 0.12879, 0.141784
4, 1, 14, 1000, 50.9603, 37.4419, 3.62899, 0.734737, 0.265263, 0.376313, 0.0898246
4, 1, 14, 2000, 43.525, 34.6228, 3.63409, 0.671193, 0.328807, 0.242796, 0.116872
4, 1, 14, 3000, 44.8, 30.8792, 3.64291, 0.636499, 0.363501, 0.166434, 0.132641
4, 1, 14, 4000, 47.9777, 28.3419, 3.65656, 0.607371, 0.392629, 0.155581, 0.139617
4, 1, 14, 5000, 48.3002, 30.2592, 3.66021, 0.592309, 0.407691, 0.127857, 0.152246
4, 1, 15, 1000, 80.1312, 23.5422, 3.61384, 0.693122, 0.306878, 0.436205, 0.0755858
4, 1, 15, 2000, 57.5359, 32.7438, 3.68095, 0.618225, 0.381775, 0.309542, 0.0882494
4, 1, 15, 3000, 52.9491, 30.0492, 3.71483, 0.575408, 0.424592, 0.198937, 0.113451
4, 1, 15, 4000, 52.4134, 33.0178, 3.70074, 0.551987, 0.448013, 0.189318, 0.127928
4, 1, 15, 5000, 49.2357, 32.0026, 3.70732, 0.558859, 0.441141, 0.134475, 0.148065
4, 1, 16, 1000, 46.1784, 14.9718, 3.65612, 0.626442, 0.373558, 0.566572, 0.0887311
4, 1, 16, 2000, 49.5431, 25.0649, 3.69437, 0.545507, 0.454493, 0.409715, 0.0904378
4, 1, 16, 3000, 44.2522, 21.9119, 3.7309, 0.518433, 0.481567, 0.282963, 0.105607
4, 1, 16, 4000, 41.5265, 21.175, 3.7138, 0.525064, 0.474936, 0.21575, 0.129425
4, 1, 16, 5000, 41.9316, 26.5916, 3.71048, 0.528004, 0.471996, 0.162646, 0.140786
4, 1, 17, 1000, 64.172, 17.9029, 3.69387, 0.648318, 0.351682, 0.471698, 0.0863914
4, 1, 17, 2000, 54.7445, 18.2062, 3.70468, 0.582013, 0.417987, 0.351185, 0.0904446
4, 1, 17, 3000, 51.1542, 20.659, 3.73365, 0.53875, 0.46125, 0.268242, 0.106327
4, 1, 17, 4000, 51.6539, 22.8737, 3.71705, 0.520678, 0.479322, 0.227429, 0.11812
4, 1, 17, 5000, 48.2327, 26.1459, 3.70865, 0.503335, 0.496665, 0.182679, 0.131729
4, 1, 18, 1000, 61.7533, 32.7003, 3.6407, 0.649001, 0.350999, 0.535475, 0.0634231
4, 1, 18, 2000, 63.6045, 25.469, 3.65639, 0.618515, 0.381485, 0.320724, 0.0818922
4, 1, 18, 3000, 56.251, 36.7457, 3.70399, 0.554288, 0.445712, 0.280341, 0.0849725
4, 1, 18, 4000, 48.8558, 34.8782, 3.70863, 0.545535, 0.454465, 0.214247, 0.10531
4, 1, 18, 5000, 48.4186, 35.3429, 3.71982, 0.52179, 0.47821, 0.176418, 0.116989
4, 1, 19, 1000, 72.631, 40.3951, 3.67103, 0.684458, 0.315542, 0.452982, 0.0816327
4, 1, 19, 2000, 60.6122, 29.3634, 3.68881, 0.646274, 0.353726, 0.280427, 0.105796
4, 1, 19, 3000, 50.1164, 34.5431, 3.71385, 0.617466, 0.382534, 0.221852, 0.117123
4, 1, 19, 4000, 55.4899, 35.4553, 3.70065, 0.582077, 0.417923, 0.186911, 0.130173
4, 1, 19, 5000, 51.3333, 42.0715, 3.70668, 0.559741, 0.440259, 0.157308, 0.137539
4, 2, 10, 1000, 34.9204, 15.6012, 3.63472, 0.512023, 0.487977, 0.105893, 0.257426
4, 2, 10, 2000, 40.0419, 17.8757, 3.69369, 0.510301, 0.489699, 0.0241299, 0.247928
4, 2, 10, 3000, 32.2305, 24.5977, 3.69892, 0.487318, 0.512682, 0.00920343, 0.244819
4, 2, 10, 4000, 30.0961, 25.2844, 3.68892, 0.481548, 0.518452, 0.00868056, 0.247701
4, 2, 10, 5000, 26.7043, 29.5091, 3.68621, 0.478583, 0.521417, 0.00402253, 0.249687
4, 2, 11, 1000, 33.7159, 21.6565, 3.59952, 0.502623, 0.497377, 0.0683112, 0.257511
4, 2, 11, 2000, 36.7652, 22.3501, 3.68582, 0.510648, 0.489352, 0.0238313, 0.251814
4, 2, 11, 3000, 30.9713, 26.3042, 3.67591, 0.481787, 0.518213, 0.0151216, 0.244061
4, 2, 11, 4000, 30.3069, 24.5829, 3.69252, 0.477108, 0.522892, 0.0103535, 0.23988
4, 2, 11, 5000, 26.9886, 28.4389, 3.68967, 0.474886, 0.525114, 0.00797872, 0.238997
4, 2, 12, 1000, 35.1539, 11.511, 3.63952, 0.51258, 0.48742, 0.039461, 0.287124
4, 2, 12, 2000, 34.6078, 18.6104, 3.70657, 0.510554, 0.489446, 0.0311284, 0.279613
4, 2, 12, 3000, 31.326, 21.0309, 3.69743, 0.500493, 0.499507, 0.0138022, 0.272204
4, 2, 12, 4000, 29.7221, 20.9425, 3.70353, 0.487421, 0.512579, 0.0165268, 0.258892
4, 2, 12, 5000, 30.0035, 24.3769, 3.70321, 0.484181, 0.515819, 0.00682382, 0.25801
4, 2, 13, 1000, 28.2385, 12.368, 3.60116, 0.530194, 0.469806, 0.0366795, 0.256397
4, 2, 13, 2000, 26.462, 21.8814, 3.67617, 0.508917, 0.491083, 0.0167598, 0.262083
4, 2, 13, 3000, 24.0036, 22.6229, 3.6833, 0.480198, 0.519802, 0.0131532, 0.258279
4, 2, 13, 4000, 24.801, 23.4748, 3.69046, 0.475688, 0.524312, 0.0127096, 0.26087
4, 2, 13, 5000, 25.4945, 25.4508, 3.69641, 0.475088, 0.524912, 0.00628386, 0.256125
4, 2, 14, 1000, 26.6852, 18.0358, 3.62899, 0.541365, 0.458635, 0.0210124, 0.261117
4, 2, 14, 2000, 26.2082, 22.4197, 3.63409, 0.512821, 0.487179, 0.0548077, 0.270464
4, 2, 14, 3000, 27.9745, 22.1294, 3.64291, 0.499753, 0.500247, 0.00790774, 0.270377
4, 2, 14, 4000, 26.5424, 22.4514, 3.65656, 0.498619, 0.501381, 0.0118299, 0.273845
4, 2, 14, 5000, 26.9763, 23.2911, 3.66021, 0.500151, 0.499849, 0.014697, 0.273487
4, 2, 15, 1000, 24.8345, 25.2147, 3.61384, 0.521463, 0.478537, 0.0243902, 0.262321
4, 2, 15, 2000, 30.9373, 25.1611, 3.68095, 0.503356, 0.496644, 0.0350617, 0.248571
4, 2, 15, 3000, 30.8085, 28.1543, 3.71483, 0.481518, 0.518482, 0.0113091, 0.239769
4, 2, 15, 4000, 28.8025, 29.6259, 3.70074, 0.487452, 0.512548, 0.00832033, 0.253105
4, 2, 15, 5000, 28.6686, 29.0715, 3.70732, 0.486642, 0.513358, 0.0194738, 0.254461
4, 2, 16, 1000, 21.7098, 38.5829, 3.65612, 0.5008, 0.4992, 0.0468584, 0.2544
4, 2, 16, 2000, 27.7163, 28.5495, 3.69437, 0.507488, 0.492512, 0.0713946, 0.253623
4, 2, 16, 3000, 24.922, 29.8733, 3.7309, 0.477959, 0.522041, 0.00495868, 0.251699
4, 2, 16, 4000, 25.6808, 27.9818, 3.7138, 0.490927, 0.509073, 0.0076904, 0.260991
4, 2, 16, 5000, 27.0466, 28.6478, 3.71048, 0.485993, 0.514007, 0.0112472, 0.259736
4, 2, 17, 1000, 24.5832, 30.4848, 3.69387, 0.483539, 0.516461, 0.05, 0.228395
4, 2, 17, 2000, 28.3224, 23.1302, 3.70468, 0.506075, 0.493925, 0.0295476, 0.243925
4, 2, 17, 3000, 25.074, 25.6526, 3.73365, 0.492454, 0.507546, 0.00442338, 0.244593
4, 2, 17, 4000, 26.3413, 25.756, 3.71705, 0.501972, 0.498028, 0.00952154, 0.250209
4, 2, 17, 5000, 25.4838, 25.1061, 3.70865, 0.495638, 0.504362, 0.0147312, 0.255642
4, 2, 18, 1000, 21.893, 20.7191, 3.6407, 0.497407, 0.502593, 0.0521327, 0.246582
4, 2, 18, 2000, 34.3471, 18.6692, 3.65639, 0.511796, 0.488204, 0.0196257, 0.239196
4, 2, 18, 3000, 29.599, 21.0971, 3.70399, 0.496658, 0.503342, 0.00657277, 0.237681
4, 2, 18, 4000, 28.37, 23.9373, 3.70863, 0.499645, 0.500355, 0.00543992, 0.247459
4, 2, 18, 5000, 26.4772, 28.2076, 3.71982, 0.48505, 0.51495, 0.00481603, 0.254812
4, 2, 19, 1000, 37.9611, 21.8496, 3.67103, 0.535128, 0.464872, 0.102302, 0.221259
4, 2, 19, 2000, 35.4427, 19.0558, 3.68881, 0.526778, 0.473222, 0.0136694, 0.247525
4, 2, 19, 3000, 32.6979, 19.8723, 3.71385, 0.52368, 0.47632, 0.00518433, 0.249623
4, 2, 2, 100, 26.0248, 5.74146, 2.09131, 0.502591, 0.497409, 0.0309278, 0.378238
4, 2, 2, 500, 17.3783, 20.3813, 2.04079, 0.501044, 0.498956, 0.0604167, 0.279749
4, 2, 2, 500, 17.3783, 20.3813, 2.04079, 0.501044, 0.498956, 0.0604167, 0.279749
4, 2, 2, 500, 17.3783, 20.3813, 2.04079, 0.501044, 0.498956, 0.0604167, 0.279749
4, 2, 2, 500, 17.3783, 20.3813, 2.04079, 0.501044, 0.498956, 0.0604167, 0.279749
4, 2, 2, 500, 17.3783, 20.3813, 2.04079, 0.501044, 0.498956, 0.0604167, 0.279749
4, 2, 2, 100, 26.0248, 5.74146, 2.09131, 0.502591, 0.497409, 0.0309278, 0.378238
4, 2, 2, 1000, 20.2566, 15.7672, 1.99259, 0.5046, 0.4954, 0.0335893, 0.290073
10, 2, 2, 1000, 21.42, 16.7915, 2.32392, 0.519249, 0.480751, 0.0346498, 0.283033
4, 2, 2, 1000, 20.2566, 15.7672, 1.99259, 0.5046, 0.4954, 0.0335893, 0.290073
4, 2, 10, 100, 3.10366, 11.2857, 1.98816, 0.456693, 0.543307, 0.267241, 0.287402
4, 2, 10, 500, 19.5671, 20.1366, 2.034, 0.486777, 0.513223, 0.198642, 0.252893
4, 2, 10, 1000, 29.7133, 15.6698, 2.01219, 0.51317, 0.48683, 0.091659, 0.269991
4, 2, 10, 5000, 22.7325, 25.4827, 1.99928, 0.482023, 0.517977, 0.00575283, 0.264295
4, 2, 11, 100, 9.30486, 21.3156, 2.0222, 0.422018, 0.577982, 0.217391, 0.275229
4, 2, 11, 500, 14.1699, 37.7332, 2.02492, 0.476066, 0.523934, 0.182815, 0.249782
4, 2, 11, 1000, 29.9072, 24.6364, 2.03774, 0.502623, 0.497377, 0.0673624, 0.270863
4, 2, 11, 5000, 26.0595, 27.0738, 2.00598, 0.478971, 0.521029, 0.0115059, 0.257566
4, 2, 12, 100, 9.37886, 19.7543, 1.96824, 0.52381, 0.47619, 0.329545, 0.279762
4, 2, 12, 500, 25.2186, 14.1712, 2.0136, 0.521942, 0.478058, 0.159213, 0.291317
4, 2, 12, 1000, 32.9116, 10.8199, 2.04164, 0.51258, 0.48742, 0.039461, 0.292057
4, 2, 12, 5000, 26.245, 22.8304, 2.01175, 0.482159, 0.517841, 0.00521159, 0.270178
4, 2, 13, 100, 8.91263, 3.31068, 2.05124, 0.630573, 0.369427, 0.646465, 0.210191
4, 2, 13, 500, 26.447, 7.77693, 2.01667, 0.562437, 0.437563, 0.144404, 0.283249
4, 2, 13, 1000, 27.2998, 10.2208, 2.02253, 0.530194, 0.469806, 0.030888, 0.277892
4, 2, 13, 5000, 25.0483, 21.9502, 2.02789, 0.477561, 0.522439, 0.00622184, 0.270492
4, 2, 14, 100, 7.24789, 21.5472, 2.17509, 0.506494, 0.493506, 0.371795, 0.305195
4, 2, 14, 500, 19.5555, 25.7085, 2.00942, 0.543408, 0.456592, 0.157791, 0.280815
4, 2, 14, 1000, 28.6578, 16.8899, 2.03314, 0.541365, 0.458635, 0.0200573, 0.26939
4, 2, 14, 5000, 27.1653, 20.9456, 2.0255, 0.497266, 0.502734, 0.0132383, 0.281547
4, 2, 15, 100, 13.4528, 7.73168, 2.10256, 0.572254, 0.427746, 0.444444, 0.312139
4, 2, 15, 500, 21.4891, 19.2505, 2.00391, 0.538776, 0.461224, 0.109848, 0.271429
4, 2, 15, 1000, 18.3648, 22.5431, 2.02872, 0.520635, 0.479365, 0.0193089, 0.280423
4, 2, 15, 5000, 25.893, 23.2372, 2.01972, 0.488035, 0.511965, 0.0185414, 0.269153
4, 2, 16, 100, 7.75067, 12.3164, 1.96989, 0.521127, 0.478873, 0.261261, 0.286385
4, 2, 16, 500, 16.4295, 35.3119, 2.07296, 0.496964, 0.503036, 0.089613, 0.277328
4, 2, 16, 1000, 22.7319, 25.7396, 2.04738, 0.5, 0.5, 0.0436635, 0.280085
4, 2, 16, 5000, 24.9626, 21.6344, 2.01695, 0.485993, 0.514007, 0.014059, 0.273304
4, 2, 17, 100, 3.05862, 18.567, 2.073, 0.472727, 0.527273, 0.394231, 0.154545
4, 2, 17, 500, 28.7842, 27.7728, 2.02697, 0.465485, 0.534515, 0.0801603, 0.232276
4, 2, 17, 1000, 30.1627, 25.5776, 2.02833, 0.482474, 0.517526, 0.0438034, 0.256701
4, 2, 17, 5000, 24.6238, 23.8265, 2.01664, 0.495734, 0.504266, 0.0126219, 0.269056
4, 2, 18, 100, 14.4335, 8.56201, 1.93782, 0.571429, 0.428571, 0.425, 0.195238
4, 2, 18, 500, 30.1032, 16.0933, 1.99585, 0.473925, 0.526075, 0.0540541, 0.249771
4, 2, 18, 1000, 25.75, 18.6909, 2.03431, 0.495265, 0.504735, 0.0487572, 0.253788
4, 2, 18, 5000, 23.6941, 27.9365, 1.99856, 0.478471, 0.521529, 0.00573576, 0.260907
4, 2, 19, 100, 12.3111, 11.7433, 1.92442, 0.541463, 0.458537, 0.288288, 0.287805
4, 2, 19, 500, 35.0778, 16.6733, 1.99081, 0.497137, 0.502863, 0.0403071, 0.26813
4, 2, 19, 1000, 35.6018, 13.6659, 2.03186, 0.532907, 0.467093, 0.139794, 0.235375
4, 2, 19, 5000, 26.8681, 20.5801, 2.02625, 0.510838, 0.489162, 0.00305645, 0.2759
